{
	"screenName": "",
	"basicSetup":
	{
		"tyres":
		{
			"tyreSet": 0,
			"tyreCompound": 0,
			"tyrePressure": [ 8, 7, 6, 0 ]
		},
		"alignment":
		{
			"camber": [ 9, 12, 12, 15 ],
			"toe": [ 30, 30, 50, 55 ],
			"staticCamber": [ -3.9684240818023682, -3.6812520027160645, -3.6513996124267578, -3.3598260879516602 ],
			"toeOutLinear": [ 8.617783896625042e-05, 8.6224412370938808e-05, 0.00021453479712363333, 0.00032330196700058877 ],
			"steerRatio": 1
		},
		"electronics":
		{
			"tC1": 3,
			"tC2": 0,
			"aBS": 4,
			"eCUMap": 1,
			"fuelMix": 0
		},
		"strategy":
		{
			"fuel": 60,
			"pitStrategy":
			{
				"fuelToAdd": 0,
				"tyres": [
					{
						"tyreSet": 0,
						"tyreCompound": 0,
						"tyrePressure": [ 0, 0, 0, 0 ]
					},
					{
						"tyreSet": 0,
						"tyreCompound": 0,
						"tyrePressure": [ 0, 0, 0, 0 ]
					},
					{
						"tyreSet": 0,
						"tyreCompound": 0,
						"tyrePressure": [ 0, 0, 0, 0 ]
					},
					{
						"tyreSet": 0,
						"tyreCompound": 0,
						"tyrePressure": [ 0, 0, 0, 0 ]
					}
				]
			}
		}
	},
	"advancedSetup":
	{
		"mechanicalBalance":
		{
			"aRBFront": 5,
			"aRBRear": 1,
			"wheelRate": [ 5, 5, 9, 9 ],
			"bumpStopRateUp": [ 2, 4, 2, 0 ],
			"bumpStopRateDn": [ 0, 0, 10, 10 ],
			"bumpStopWindow": [ 10, 10, 15, 15 ],
			"brakeTorque": 20,
			"brakeBias": 11
		},
		"dampers":
		{
			"bumpSlow": [ 8, 8, 9, 9 ],
			"bumpFast": [ 6, 6, 15, 15 ],
			"reboundSlow": [ 8, 8, 9, 9 ],
			"reboundFast": [ 14, 14, 10, 10 ]
		},
		"aeroBalance":
		{
			"rideHeight": [ 1, 6, 16, 18 ],
			"rodLength": [ -3.7176477909088135, -3.7176477909088135, 20.637578964233398, 20.637578964233398 ],
			"splitter": 0,
			"rearWing": 17
		},
		"drivetrain":
		{
			"preload": 8
		}
	}
}