{
	"screenName": "",
	"basicSetup":
	{
		"tyres":
		{
			"tyreSet": 0,
			"tyreCompound": 0,
			"tyrePressure": [ 10, 10, 2, 2 ]
		},
		"alignment":
		{
			"camber": [ 15, 15, 17, 17 ],
			"toe": [ 20, 20, 65, 65 ],
			"staticCamber": [ -3.4251081943511963, -3.4418504238128662, -3.1984043121337891, -3.2178225517272949 ],
			"toeOutLinear": [ 0.00024189140822272748, 0.00024201131600420922, 0.00054203945910558105, 0.00054213398834690452 ],
			"steerRatio": 1
		},
		"electronics":
		{
			"tC1": 6,
			"tC2": 0,
			"aBS": 6,
			"eCUMap": 1,
			"fuelMix": 0
		},
		"strategy":
		{
			"fuel": 60,
			"pitStrategy":
			{
				"fuelToAdd": 0,
				"tyres": [
					{
						"tyreSet": 0,
						"tyreCompound": 0,
						"tyrePressure": [ 0, 0, 0, 0 ]
					},
					{
						"tyreSet": 0,
						"tyreCompound": 0,
						"tyrePressure": [ 0, 0, 0, 0 ]
					},
					{
						"tyreSet": 0,
						"tyreCompound": 0,
						"tyrePressure": [ 0, 0, 0, 0 ]
					},
					{
						"tyreSet": 0,
						"tyreCompound": 0,
						"tyrePressure": [ 0, 0, 0, 0 ]
					}
				]
			}
		}
	},
	"advancedSetup":
	{
		"mechanicalBalance":
		{
			"aRBFront": 3,
			"aRBRear": 2,
			"wheelRate": [ 5, 5, 8, 8 ],
			"bumpStopRateUp": [ 6, 6, 7, 7 ],
			"bumpStopRateDn": [ 0, 0, 10, 10 ],
			"bumpStopWindow": [ 5, 5, 55, 55 ],
			"brakeTorque": 20,
			"brakeBias": 11
		},
		"dampers":
		{
			"bumpSlow": [ 8, 8, 9, 9 ],
			"bumpFast": [ 6, 6, 15, 15 ],
			"reboundSlow": [ 8, 8, 9, 9 ],
			"reboundFast": [ 14, 14, 10, 10 ]
		},
		"aeroBalance":
		{
			"rideHeight": [ 6, 6, 18, 18 ],
			"rodLength": [ 0.88655579090118408, 0.88655579090118408, 23.238588333129883, 23.238588333129883 ],
			"splitter": 0,
			"rearWing": 14
		},
		"drivetrain":
		{
			"preload": 8
		}
	}
}