{
	"screenName": "",
	"basicSetup":
	{
		"tyres":
		{
			"tyreSet": 0,
			"tyreCompound": 1,
			"tyrePressure": [ 96, 96, 86, 86 ]
		},
		"alignment":
		{
			"camber": [ 15, 15, 17, 17 ],
			"toe": [ 20, 20, 65, 65 ],
			"staticCamber": [ -3.4184637069702148, -3.4355523586273193, -3.1702713966369629, -3.190253734588623 ],
			"toeOutLinear": [ 0.00024117219436448067, 0.00024127618235070258, 0.00054123159497976303, 0.00054125406313687563 ],
			"steerRatio": 1
		},
		"electronics":
		{
			"tC1": 8,
			"tC2": 0,
			"aBS": 8,
			"eCUMap": 2,
			"fuelMix": 0
		},
		"strategy":
		{
			"fuel": 60,
			"pitStrategy":
			{
				"fuelToAdd": 0,
				"tyres": [
					{
						"tyreSet": 0,
						"tyreCompound": 0,
						"tyrePressure": [ 0, 0, 0, 0 ]
					},
					{
						"tyreSet": 0,
						"tyreCompound": 0,
						"tyrePressure": [ 0, 0, 0, 0 ]
					},
					{
						"tyreSet": 0,
						"tyreCompound": 0,
						"tyrePressure": [ 0, 0, 0, 0 ]
					},
					{
						"tyreSet": 0,
						"tyreCompound": 0,
						"tyrePressure": [ 0, 0, 0, 0 ]
					}
				]
			}
		}
	},
	"advancedSetup":
	{
		"mechanicalBalance":
		{
			"aRBFront": 3,
			"aRBRear": 0,
			"wheelRate": [ 5, 5, 7, 7 ],
			"bumpStopRateUp": [ 6, 6, 7, 7 ],
			"bumpStopRateDn": [ 0, 0, 10, 10 ],
			"bumpStopWindow": [ 5, 5, 55, 55 ],
			"brakeTorque": 20,
			"brakeBias": 7
		},
		"dampers":
		{
			"bumpSlow": [ 8, 8, 9, 9 ],
			"bumpFast": [ 6, 6, 15, 15 ],
			"reboundSlow": [ 8, 8, 9, 9 ],
			"reboundFast": [ 14, 14, 10, 10 ]
		},
		"aeroBalance":
		{
			"rideHeight": [ 6, 6, 21, 18 ],
			"rodLength": [ 0.25593790411949158, 0.25593790411949158, 25.563074111938477, 25.563074111938477 ],
			"splitter": 0,
			"rearWing": 18
		},
		"drivetrain":
		{
			"preload": 8
		}
	}
}