{
	"basicSetup":
	{
		"tyres":
		{
			"tyreSet": 0,
			"tyreCompound": 0,
			"tyrePressure": [ 10, 10, 2, 2 ]
		},
		"alignment":
		{
			"camber": [ 15, 15, 17, 17 ],
			"toe": [ 20, 20, 65, 65 ],
			"staticCamber": [ -3.4354653358459473, -3.4297826290130615, -3.0948581695556641, -3.0887343883514404 ],
			"toeOutLinear": [ 0.000241823960095644, 0.00024179222236853093, 0.00054031709441915154, 0.0005403009126894176 ],
			"steerRatio": 1
		},
		"electronics":
		{
			"tC1": 6,
			"tC2": 0,
			"aBS": 6,
			"eCUMap": 1,
			"fuelMix": 0
		},
		"strategy":
		{
			"fuel": 60,
			"pitStrategy":
			{
				"fuelToAdd": 0,
				"tyres": [
					{
						"tyreSet": 0,
						"tyreCompound": 0,
						"tyrePressure": [ 0, 0, 0, 0 ]
					},
					{
						"tyreSet": 0,
						"tyreCompound": 0,
						"tyrePressure": [ 0, 0, 0, 0 ]
					},
					{
						"tyreSet": 0,
						"tyreCompound": 0,
						"tyrePressure": [ 0, 0, 0, 0 ]
					},
					{
						"tyreSet": 0,
						"tyreCompound": 0,
						"tyrePressure": [ 0, 0, 0, 0 ]
					}
				]
			}
		}
	},
	"advancedSetup":
	{
		"mechanicalBalance":
		{
			"aRBFront": 3,
			"aRBRear": 2,
			"wheelRate": [ 5, 5, 8, 8 ],
			"bumpStopRateUp": [ 6, 6, 7, 7 ],
			"bumpStopRateDn": [ 0, 0, 10, 10 ],
			"bumpStopWindow": [ 5, 5, 55, 55 ],
			"brakeTorque": 20,
			"brakeBias": 11
		},
		"dampers":
		{
			"bumpSlow": [ 10, 10, 17, 17 ],
			"bumpFast": [ 6, 6, 8, 8 ],
			"reboundSlow": [ 10, 10, 9, 9 ],
			"reboundFast": [ 15, 14, 14, 14 ]
		},
		"aeroBalance":
		{
			"rideHeight": [ 6, 6, 16, 18 ],
			"rodLength": [ 0.47893619537353516, 0.47893619537353516, 20.297525405883789, 20.297525405883789 ],
			"splitter": 0,
			"rearWing": 18
		},
		"drivetrain":
		{
			"preload": 8
		}
	}
}