{
	"basicSetup":
	{
		"tyres":
		{
			"tyreSet": 0,
			"tyreCompound": 1,
			"tyrePressure": [ 58, 58, 58, 58 ]
		},
		"alignment":
		{
			"camber": [ 5, 5, 5, 5 ],
			"toe": [ 30, 30, 65, 65 ],
			"staticCamber": [ -3.2260923385620117, -3.2151753902435303, -2.3204867839813232, -2.3114171028137207 ],
			"toeOutLinear": [ 0.00028630509041249752, 0.0002860964450519532, -0.0011547851609066129, -0.0011545934248715639 ],
			"steerRatio": 5
		},
		"electronics":
		{
			"tC1": 8,
			"tC2": 0,
			"aBS": 10,
			"eCUMap": 0,
			"fuelMix": 0
		},
		"strategy":
		{
			"fuel": 60,
			"pitStrategy":
			{
				"fuelToAdd": 0,
				"tyres": [
					{
						"tyreSet": 0,
						"tyreCompound": 0,
						"tyrePressure": [ 0, 0, 0, 0 ]
					},
					{
						"tyreSet": 0,
						"tyreCompound": 0,
						"tyrePressure": [ 0, 0, 0, 0 ]
					},
					{
						"tyreSet": 0,
						"tyreCompound": 0,
						"tyrePressure": [ 0, 0, 0, 0 ]
					},
					{
						"tyreSet": 0,
						"tyreCompound": 0,
						"tyrePressure": [ 0, 0, 0, 0 ]
					}
				]
			}
		}
	},
	"advancedSetup":
	{
		"mechanicalBalance":
		{
			"aRBFront": 5,
			"aRBRear": 1,
			"wheelRate": [ 7, 7, 3, 3 ],
			"bumpStopRateUp": [ 5, 5, 4, 4 ],
			"bumpStopRateDn": [ 0, 0, 10, 10 ],
			"bumpStopWindow": [ 5, 5, 55, 55 ],
			"brakeTorque": 20,
			"brakeBias": 8
		},
		"dampers":
		{
			"bumpSlow": [ 27, 27, 20, 20 ],
			"bumpFast": [ 20, 20, 15, 15 ],
			"reboundSlow": [ 26, 26, 18, 18 ],
			"reboundFast": [ 25, 25, 25, 25 ]
		},
		"aeroBalance":
		{
			"rideHeight": [ 9, 6, 21, 18 ],
			"rodLength": [ 11.967002868652344, 11.967002868652344, 5.3734869956970215, 5.3734869956970215 ],
			"splitter": 0,
			"rearWing": 10
		},
		"drivetrain":
		{
			"preload": 10
		}
	}
}